,per_student_2008,percent_of_all_expenditures_2008,total_expenditure_2008
M015,334,0.015,87270
M019,148,0.006999999999999999,49974
M020,229,0.012,139827
M034,163,0.009000000000000001,68347
0,,,
M063,178,0.006999999999999999,36057
M064,178,0.008,52412
M110,127,0.006999999999999999,60689
M134,156,0.006999999999999999,57264
M137,326,0.011000000000000001,78959
M140,192,0.01,86262
M142,151,0.006,67807
M184,179,0.013000000000000001,102842
M188,286,0.013000000000000001,118252
M292,177,0.011000000000000001,91128
M301,239,0.013000000000000001,50517
M315,206,0.01,33639
M332,396,0.025,110359
M345,205,0.011000000000000001,57101
M361,135,0.006999999999999999,34732
M363,102,0.005,28064
M364,83,0.005,27531
0,,,
M448,238,0.016,139881
M450,104,0.006,57460
0,,,
M509,246,0.01,128412
M515,371,0.02,194221
M539,130,0.01,138425
M650,498,0.022000000000000002,106640
M696,255,0.017,138439
M839,216,0.013999999999999999,78459
M001,92,0.005,52295
M002,326,0.019,236728
M003,107,0.006999999999999999,62624
M006,71,0.005,57022
M011,284,0.016,145022
M033,175,0.008,58800
M040,148,0.009000000000000001,80686
M041,70,0.005,51712
M042,159,0.01,117118
M047,679,0.021,143277
M051,157,0.009000000000000001,52378
M059,163,0.011000000000000001,75162
M077,336,0.022000000000000002,119643
M089,199,0.011000000000000001,101662
M104,225,0.017,233925
M111,222,0.012,126987
M114,272,0.021,99151
M116,159,0.012,126055
M124,129,0.009000000000000001,128855
M126,181,0.01,130781
M130,139,0.01,149201
M131,175,0.009000000000000001,142570
M150,406,0.02,73553
0,,,
M158,101,0.006999999999999999,73889
M167,91,0.006999999999999999,114015
M183,104,0.006999999999999999,61009
M198,140,0.008,76668
M212,139,0.008,48123
M217,108,0.006,49197
M225,255,0.013999999999999999,72780
M234,118,0.008,88791
M255,214,0.017,82244
M260,100,0.006999999999999999,24384
0,,,
0,,,
M288,558,0.034,225913
M289,222,0.016,65390
M290,136,0.01,90467
M294,267,0.018000000000000002,91456
M296,71,0.005,26776
M298,228,0.016,93345
M300,597,0.042,232259
M303,313,0.018000000000000002,100054
M305,269,0.018000000000000002,67942
M308,293,0.017,70550
M312,80,0.006,46141
M313,272,0.017,55955
M316,146,0.01,42764
M347,790,0.018000000000000002,157223
0,,,
0,,,
0,,,
0,,,
0,,,
0,,,
0,,,
M400,243,0.017,354959
M407,323,0.025,131348
M408,108,0.006999999999999999,46336
M411,181,0.013999999999999999,75403
M412,235,0.017,121965
M413,171,0.012,117243
M414,93,0.006999999999999999,39293
M416,375,0.019,181398
M418,130,0.006999999999999999,71162
M419,425,0.025,191372
M420,145,0.011000000000000001,219877
0,,,
M425,208,0.011000000000000001,144079
0,,,
M429,143,0.006999999999999999,54027
0,,,
0,,,
0,,,
M439,105,0.006,41594
M440,136,0.008,234932
M442,105,0.005,16947
0,,,
M449,283,0.016,117315
M459,462,0.027000000000000003,149291
M460,87,0.006,213197
M475,73,0.006,227296
M489,165,0.008,130095
M500,978,0.049,197528
0,,,
M519,128,0.009000000000000001,58854
M520,136,0.009000000000000001,378007
M529,121,0.008,84661
M531,218,0.011000000000000001,44472
0,,,
M542,496,0.027999999999999997,232513
M543,188,0.011000000000000001,78745
M544,242,0.012,100490
M545,271,0.013999999999999999,79232
M550,89,0.004,38102
0,,,
M560,85,0.005,59597
M565,354,0.013000000000000001,48881
M570,162,0.01,155055
M575,365,0.024,313079
M580,117,0.006999999999999999,72353
M586,589,0.017,54170
M600,191,0.012,315104
M605,109,0.006,19828
M615,260,0.015,246053
M620,153,0.009000000000000001,332661
M625,527,0.032,977651
M630,321,0.021,439847
M655,355,0.024,250770
M690,712,0.027000000000000003,147377
M896,102,0.006,21777
M009,323,0.02,164509
M044,281,0.012,113387
M054,118,0.006999999999999999,103686
M075,156,0.01,123791
M076,279,0.013999999999999999,115606
M084,164,0.008,69026
M087,92,0.006,83098
M145,140,0.006,74969
M149,328,0.017,156042
M163,146,0.008,93250
M165,194,0.01,114319
M166,123,0.008,73380
M180,531,0.028999999999999998,304894
M185,116,0.005,35408
M191,146,0.006999999999999999,72613
M199,76,0.004,55133
M208,161,0.006999999999999999,35907
M241,194,0.009000000000000001,70652
M242,181,0.009000000000000001,52226
M243,91,0.006,18536
0,,,
M245,184,0.013000000000000001,61221
M246,88,0.005,19325
M247,481,0.027999999999999997,89037
M250,213,0.011000000000000001,41253
M256,409,0.019,69568
M258,246,0.013000000000000001,57940
M283,367,0.025,122699
M299,236,0.013000000000000001,76787
M307,391,0.027000000000000003,146255
M333,143,0.008,99587
M334,175,0.013999999999999999,90652
0,,,
0,,,
0,,,
M415,167,0.008,117776
0,,,
0,,,
0,,,
M470,118,0.008,287937
M479,206,0.015,223994
M485,160,0.011000000000000001,412259
M492,339,0.017,164221
M494,279,0.016,164659
M505,420,0.021,248004
M541,138,0.009000000000000001,60920
0,,,
M860,480,0.033,237710
M862,116,0.008,34195
M007,391,0.022000000000000002,180468
M012,172,0.013000000000000001,79045
M013,150,0.006,51941
M037,265,0.013000000000000001,39476
M038,334,0.015,126179
M045,195,0.008,85833
M050,264,0.011000000000000001,133196
M057,351,0.02,248106
M072,290,0.015,168794
M083,245,0.015,104263
M096,174,0.011000000000000001,116787
0,,,
M101,344,0.015,182236
M102,206,0.009000000000000001,72791
M108,246,0.016,191802
M112,391,0.012,133649
M117,319,0.013000000000000001,129959
M146,210,0.008,101531
M155,113,0.005,43664
M171,188,0.012,120476
M182,330,0.021,143469
M206,277,0.012,72138
M224,193,0.013999999999999999,51232
0,,,
0,,,
0,,,
0,,,
0,,,
0,,,
M409,303,0.015,128725
M435,147,0.011000000000000001,230531
M495,317,0.018000000000000002,121697
M497,132,0.006999999999999999,24900
M555,144,0.008,44642
M610,139,0.008,56354
M635,266,0.016,177008
M680,254,0.013999999999999999,84514
M695,119,0.006,23396
M825,261,0.015,96444
M964,129,0.005,24294
M030,552,0.017,214333
M036,123,0.006,67060
M046,93,0.005,75177
M092,144,0.005,46544
M123,186,0.01,109525
M125,100,0.004,40507
M129,233,0.011000000000000001,116903
M133,347,0.015,119750
M154,196,0.009000000000000001,92105
M161,279,0.013999999999999999,236759
M172,131,0.004,37321
M175,162,0.008,63062
M194,65,0.003,19183
M195,230,0.011000000000000001,168466
M197,96,0.005,53182
M200,196,0.01,133973
0,,,
M285,214,0.009000000000000001,44536
M286,719,0.03,138711
M302,208,0.015,60401
M304,334,0.024,138252
M317,508,0.027000000000000003,98964
M318,194,0.009000000000000001,26960
M344,292,0.019,64637
M362,1209,0.065,113665
M367,713,0.045,124757
M369,309,0.019,45685
0,,,
M469,100,0.005,42452
M499,116,0.008,164068
0,,,
0,,,
M670,238,0.015,137300
M685,85,0.005,46138
M692,597,0.036000000000000004,281407
M004,105,0.005,68089
M005,159,0.008,136213
M008,201,0.01,123146
M018,168,0.009000000000000001,73752
M028,353,0.019,351748
M048,280,0.012,161792
M052,103,0.005,94786
0,,,
M098,187,0.009000000000000001,115579
M115,255,0.013999999999999999,221341
M128,271,0.013000000000000001,221108
M132,129,0.006,117555
M143,132,0.006999999999999999,113270
M152,71,0.004,69018
M153,230,0.012,231278
0,,,
M173,412,0.022000000000000002,338565
M178,172,0.006,45806
M187,196,0.012,154488
M189,244,0.013999999999999999,272355
M192,259,0.011000000000000001,121036
M210,106,0.006,40011
M218,129,0.006999999999999999,68552
M223,355,0.022000000000000002,151906
M278,207,0.011000000000000001,97658
M293,213,0.012,51250
M311,253,0.013000000000000001,100629
M314,159,0.009000000000000001,43945
M319,288,0.015,135721
M321,243,0.013000000000000001,85383
M322,445,0.026000000000000002,227287
M324,294,0.015,116231
M325,169,0.01,80338
M326,427,0.023,197968
M328,261,0.016,148163
M346,163,0.012,43555
M348,201,0.012,47235
M349,822,0.047,147182
M366,473,0.026000000000000002,51993
M368,638,0.040999999999999995,147959
0,,,
M462,448,0.026000000000000002,307989
M463,262,0.017,173408
M467,262,0.016,172695
M468,395,0.023,265168
M528,365,0.02,97902
M540,183,0.012,273311
M552,124,0.006999999999999999,51884
X001,660,0.037000000000000005,434642
X005,150,0.008,87057
X018,358,0.019,188091
X025,238,0.012,115933
X029,193,0.011000000000000001,142327
X030,300,0.013999999999999999,165523
X031,155,0.009000000000000001,125840
X043,296,0.013999999999999999,145559
X049,440,0.022000000000000002,290648
X065,285,0.013999999999999999,143413
X151,456,0.02,128726
X154,400,0.018000000000000002,200297
X156,85,0.003,56823
X157,450,0.023,261336
X161,409,0.015,202962
X162,169,0.009000000000000001,162101
X179,337,0.019,132522
0,,,
X203,475,0.021,204073
X220,377,0.018000000000000002,116600
X221,329,0.021,193245
0,,,
X223,509,0.032,239006
X224,441,0.023,150882
X277,221,0.012,121556
X296,683,0.037000000000000005,189882
X298,186,0.01,55644
X321,300,0.015,41447
X334,866,0.052000000000000005,161875
0,,,
X343,431,0.022000000000000002,117706
0,,,
X379,829,0.046,103666
0,,,
0,,,
X427,124,0.006999999999999999,44786
X473,143,0.008,47119
X495,116,0.006999999999999999,49203
X500,143,0.01,71990
X520,338,0.019,162662
0,,,
X527,223,0.013999999999999999,97500
X547,242,0.013000000000000001,80812
X548,454,0.025,147905
X551,394,0.025,171209
X600,293,0.015,347838
X655,432,0.025,642335
X670,302,0.018000000000000002,188369
X014,153,0.009000000000000001,80774
X036,102,0.006,66704
X048,199,0.01,191006
X062,765,0.042,553253
X069,394,0.023,229536
X071,331,0.023,519436
X072,188,0.009000000000000001,169785
X075,282,0.013999999999999999,198399
X093,240,0.01,100226
X100,222,0.013999999999999999,170707
X101,290,0.02,129126
X107,189,0.009000000000000001,101257
X119,264,0.017,239801
X123,240,0.012,135727
X125,152,0.008,115265
X130,676,0.037000000000000005,453603
X131,230,0.013000000000000001,200003
X138,221,0.013999999999999999,207971
X140,189,0.01,98666
X146,157,0.008,74322
X152,185,0.011000000000000001,169702
X174,163,0.008,104733
X182,285,0.019,277017
X192,137,0.006,89345
X201,310,0.013999999999999999,129137
X269,440,0.025,92927
X282,178,0.013000000000000001,52367
X293,235,0.017,101349
X295,121,0.008,50177
X301,383,0.017,137545
X302,414,0.021,347842
X304,422,0.024,226167
X305,485,0.03,187593
X312,366,0.024,153079
X332,494,0.033,104150
X333,233,0.012,240994
X335,233,0.012,240994
X337,378,0.021,105818
X366,1119,0.047,114150
X367,893,0.046,95547
X371,651,0.037000000000000005,84660
X375,1335,0.077,166854
X376,1940,0.099,193962
X377,1000,0.055,105028
X405,169,0.013000000000000001,725991
0,,,
0,,,
0,,,
X450,271,0.01,205133
X452,247,0.013999999999999999,76061
0,,,
X519,200,0.011000000000000001,82053
X530,551,0.035,224183
0,,,
X540,196,0.011000000000000001,76757
X560,133,0.006999999999999999,53365
X650,293,0.018000000000000002,502184
X686,290,0.011000000000000001,45466
X002,417,0.013999999999999999,122605
X004,263,0.009000000000000001,137034
X011,155,0.008,109838
X022,324,0.017,216858
X028,220,0.011000000000000001,171329
X035,518,0.032,354807
X042,476,0.021,251104
X053,280,0.017,373518
X055,180,0.009000000000000001,126350
X058,312,0.013999999999999999,126900
X063,190,0.01,93310
X064,257,0.013000000000000001,234053
X070,209,0.012,294094
X073,276,0.015,226280
X088,439,0.021,132473
X090,248,0.013000000000000001,297359
X109,241,0.013999999999999999,172246
X110,481,0.018000000000000002,211836
X114,282,0.015,223732
X117,224,0.012,206601
X126,190,0.01,154827
X128,309,0.022000000000000002,86634
X132,474,0.017,279710
X145,185,0.009000000000000001,87655
X163,79,0.004,53682
X166,149,0.006999999999999999,139253
X170,1022,0.059000000000000004,265798
X199,387,0.021,297150
X204,702,0.036000000000000004,260599
X215,184,0.013000000000000001,53929
X218,358,0.022000000000000002,331548
X219,509,0.023,232926
X227,223,0.015,90419
X229,181,0.006,69549
X230,274,0.013999999999999999,138433
X231,496,0.033,198952
X232,474,0.023,242343
X236,369,0.015,145711
X239,127,0.008,41017
X241,54,0.004,17995
X250,180,0.013000000000000001,75214
X252,262,0.017,89235
X260,349,0.025,117852
X263,243,0.016,81483
X276,248,0.016,72228
X297,144,0.009000000000000001,61708
X303,670,0.04,235283
X313,508,0.027000000000000003,217342
X323,175,0.01,87776
X324,307,0.016,47274
X325,347,0.02,168169
X327,493,0.031,107078
X328,787,0.038,203793
X329,163,0.012,34940
X339,459,0.023,410738
X365,1938,0.10300000000000001,213179
X403,310,0.019,106919
X404,182,0.01,80427
X412,190,0.009000000000000001,98242
X413,710,0.042,358370
X414,1104,0.052000000000000005,534483
0,,,
0,,,
0,,,
0,,,
X505,270,0.015,160566
X517,217,0.016,108121
X525,307,0.018000000000000002,199378
X543,343,0.019,70564
X003,251,0.01,118378
X007,317,0.015,182353
X008,324,0.02,374900
X009,252,0.013000000000000001,175959
X015,126,0.006999999999999999,72755
X020,92,0.005,109313
X023,296,0.01,168460
X024,163,0.008,117983
X032,248,0.013000000000000001,201145
X033,825,0.051,870731
X037,312,0.015,175683
X045,129,0.008,137398
X046,83,0.005,100912
X051,249,0.011000000000000001,68860
X054,86,0.004,42008
X056,252,0.016,141471
X059,164,0.006,87409
X079,141,0.009000000000000001,146985
X080,127,0.006,85247
X081,303,0.019,213617
X085,299,0.015,347207
X086,319,0.019,544340
X091,300,0.017,228981
X094,136,0.008,141837
X095,130,0.006999999999999999,161020
X118,139,0.009000000000000001,161236
X141,129,0.008,159025
0,,,
X159,462,0.02,107114
X205,222,0.013999999999999999,212347
X206,162,0.008,67008
X207,399,0.018000000000000002,197487
X209,210,0.011000000000000001,47898
X213,218,0.013999999999999999,77094
X225,255,0.016,117174
X226,327,0.019,144242
X228,545,0.027999999999999997,78472
X237,278,0.019,130257
X243,235,0.013999999999999999,130115
X244,863,0.05,621707
X246,83,0.005,67836
X254,165,0.008,75815
X268,568,0.036000000000000004,185279
X279,162,0.009000000000000001,166131
X280,298,0.02,233968
X284,274,0.019,114156
X291,394,0.024,225977
X306,216,0.01,153145
X307,410,0.015,125563
X308,222,0.008,65141
X310,411,0.022000000000000002,292145
X315,221,0.01,53565
X319,126,0.004,15693
X331,640,0.035,320053
X340,211,0.012,111375
X342,75,0.005,29049
X344,539,0.025,44237
X360,408,0.023,200963
0,,,
X368,210,0.013000000000000001,207844
X374,946,0.06,115381
0,,,
0,,,
X390,343,0.017,179150
X391,502,0.025,378775
X396,637,0.02,165710
0,,,
X399,270,0.013000000000000001,201468
0,,,
X430,166,0.008,96444
X433,250,0.013999999999999999,129612
X434,157,0.006999999999999999,60501
0,,,
X437,548,0.027000000000000003,230117
X438,197,0.01,105717
X439,548,0.027000000000000003,233064
X440,72,0.005,318463
X442,271,0.017,94442
X445,198,0.016,528493
0,,,
0,,,
X475,178,0.01,415307
X477,113,0.006999999999999999,47111
0,,,
0,,,
X546,247,0.016,102201
X549,334,0.022000000000000002,147586
X660,285,0.016,411470
X696,475,0.028999999999999998,157842
X016,260,0.015,153380
X019,282,0.017,139674
X021,546,0.034,445744
X041,350,0.022000000000000002,305991
X068,126,0.006,101260
X076,307,0.019,314607
X078,218,0.013000000000000001,176620
X083,157,0.01,255014
X087,193,0.011000000000000001,97224
X089,101,0.006,133186
X096,244,0.013999999999999999,243785
X097,131,0.008,97161
X103,189,0.012,204375
X105,265,0.016,389435
X106,362,0.024,447664
X108,78,0.005,44743
X111,158,0.006999999999999999,95759
X112,195,0.01,119739
0,,,
X121,153,0.009000000000000001,123747
X127,250,0.013000000000000001,160986
X135,330,0.013000000000000001,108181
X142,211,0.012,224854
X144,138,0.006999999999999999,148716
X153,133,0.006,79632
X160,230,0.008,116855
0,,,
X175,105,0.006999999999999999,42240
X178,156,0.008,76683
X180,185,0.006999999999999999,142128
X181,435,0.022000000000000002,268383
X189,958,0.051,308557
X194,135,0.009000000000000001,170413
X249,373,0.026000000000000002,130512
X253,297,0.02,131904
X265,323,0.021,135452
X270,349,0.021,150259
X272,314,0.022000000000000002,179707
X275,1014,0.064,450307
X287,156,0.011000000000000001,53818
X288,201,0.013999999999999999,93338
X289,426,0.03,238734
X290,313,0.02,138618
X299,131,0.009000000000000001,55084
X322,356,0.023,118946
X326,295,0.019,100462
X370,911,0.048,122938
X415,147,0.008,231902
X418,205,0.011000000000000001,68219
X425,951,0.025,139825
X455,193,0.013000000000000001,537369
0,,,
0,,,
0,,,
0,,,
0,,,
X513,337,0.02,92423
X514,140,0.009000000000000001,45268
0,,,
0,,,
X541,163,0.011000000000000001,67859
X542,426,0.03,196114
X544,506,0.032,218657
X545,187,0.01,70573
X006,183,0.009000000000000001,140146
X044,144,0.006,53710
X047,399,0.025,447341
X050,199,0.009000000000000001,125289
X057,692,0.035,352917
X061,236,0.012,87931
X066,196,0.009000000000000001,114295
X067,405,0.02,285132
X092,152,0.008,85307
X098,118,0.006,52617
X102,192,0.01,217506
X129,265,0.013000000000000001,125949
X134,140,0.008,92523
X150,193,0.01,139787
0,,,
X190,144,0.006999999999999999,34313
0,,,
X195,205,0.011000000000000001,99155
X196,464,0.027999999999999997,225363
X197,303,0.018000000000000002,164627
X198,775,0.024,345762
X211,164,0.008,109762
X212,346,0.016,187346
X214,244,0.012,206762
X216,219,0.01,81298
X217,204,0.009000000000000001,71331
0,,,
X242,432,0.027000000000000003,106268
X245,541,0.034,231993
X248,437,0.027999999999999997,136280
X251,266,0.017,81535
X262,358,0.024,140096
X267,203,0.013000000000000001,54192
X271,318,0.018000000000000002,194394
X273,178,0.01,46779
X278,88,0.006,28450
X286,259,0.013999999999999999,68442
X300,290,0.017,186565
X316,541,0.035,134689
X318,139,0.006999999999999999,51692
X341,379,0.023,73480
X372,1356,0.076,191238
0,,,
0,,,
0,,,
0,,,
0,,,
0,,,
0,,,
X480,240,0.012,84351
0,,,
0,,,
0,,,
0,,,
X550,275,0.013999999999999999,82273
X680,390,0.024,190247
X682,233,0.013000000000000001,113994
X684,130,0.006999999999999999,69247
X690,203,0.012,124360
X691,574,0.027999999999999997,76963
X692,798,0.048,415100
K003,112,0.006999999999999999,65913
K008,196,0.012,96094
K009,221,0.011000000000000001,117542
K011,186,0.011000000000000001,92776
K020,249,0.015,108902
K044,141,0.008,75808
K046,220,0.011000000000000001,86624
K054,258,0.011000000000000001,88180
K056,313,0.013999999999999999,108758
K067,167,0.006999999999999999,40924
K093,158,0.008,67826
K103,388,0.022000000000000002,104352
K113,268,0.016,244900
K117,277,0.01,72862
K133,542,0.02,143148
K256,119,0.006,50131
K258,125,0.004,34091
K265,193,0.01,116011
K266,121,0.008,27212
K270,263,0.012,70515
K282,233,0.016,169641
K287,239,0.009000000000000001,41331
K301,1242,0.075,290721
K305,141,0.006999999999999999,57947
K307,134,0.005,36823
K313,195,0.011000000000000001,53465
K336,106,0.006,16396
K350,110,0.008,33735
K412,440,0.027999999999999997,96257
K419,116,0.009000000000000001,110536
K430,189,0.015,844778
K439,446,0.027999999999999997,174344
K483,183,0.013000000000000001,74962
K492,247,0.018000000000000002,41918
K499,77,0.005,57864
K509,195,0.011000000000000001,61454
K527,458,0.03,66927
K553,351,0.018000000000000002,106825
K571,437,0.022000000000000002,119220
K575,995,0.034,137282
K592,1324,0.064,79460
K595,191,0.012,62225
K596,862,0.040999999999999995,64651
K605,90,0.004,80853
0,,,
K670,122,0.009000000000000001,112834
0,,,
0,,,
K016,181,0.01,68317
K017,274,0.013000000000000001,102070
K018,233,0.012,56818
K019,150,0.008,74945
K023,398,0.023,136219
K031,194,0.011000000000000001,106057
0,,,
K034,195,0.012,88777
K049,698,0.026000000000000002,183506
K050,267,0.015,186356
K059,195,0.011000000000000001,96622
K071,325,0.015,309260
K084,516,0.022000000000000002,251183
K110,388,0.019,154265
K120,575,0.028999999999999998,277908
K126,244,0.012,149002
K132,307,0.02,202899
K147,432,0.018000000000000002,130599
K157,268,0.012,89241
K196,446,0.021,189127
K250,90,0.006,77966
K257,265,0.011000000000000001,150094
K297,316,0.017,127483
K318,317,0.021,460881
K319,330,0.016,56100
K322,414,0.027000000000000003,113426
K330,263,0.016,56076
K380,261,0.011000000000000001,125178
K404,290,0.02,60127
K449,623,0.025,61049
K454,458,0.031,93843
K474,321,0.021,334642
K477,303,0.02,251721
K478,359,0.02,293542
K488,147,0.009000000000000001,55013
K558,337,0.023,134757
K561,387,0.027999999999999997,173770
K577,419,0.027999999999999997,159075
K582,873,0.053,266995
K586,542,0.03,73711
K610,453,0.027000000000000003,505941
0,,,
0,,,
0,,,
K685,333,0.016,60263
K001,310,0.019,345592
K010,173,0.006999999999999999,99309
K015,233,0.01,90031
K024,445,0.022000000000000002,350405
K027,342,0.013000000000000001,196541
K029,78,0.005,53131
K032,263,0.006999999999999999,76631
K038,507,0.026000000000000002,238362
K039,154,0.01,54512
K051,135,0.01,133465
K058,122,0.006999999999999999,66854
K088,242,0.012,213972
K094,233,0.015,248859
K107,227,0.015,106662
K124,114,0.006,35370
K130,240,0.015,126959
K131,406,0.025,341411
K136,585,0.026000000000000002,258033
K146,133,0.006999999999999999,73227
K154,272,0.016,114902
K169,357,0.022000000000000002,401264
K172,352,0.021,190973
K230,150,0.009000000000000001,181780
K261,140,0.009000000000000001,111949
K295,465,0.024,193433
K321,143,0.01,182121
0,,,
0,,,
0,,,
K429,212,0.012,135601
K442,230,0.009000000000000001,53333
K443,957,0.057999999999999996,400140
K447,195,0.011000000000000001,89504
K448,280,0.016,167933
K462,253,0.015,150866
K463,239,0.015,145596
K464,220,0.013999999999999999,109596
K497,300,0.015,141237
K519,297,0.018000000000000002,229851
K520,326,0.016,89645
K529,288,0.016,59520
K530,244,0.016,97625
K656,221,0.013000000000000001,133342
0,,,
0,,,
0,,,
K698,180,0.009000000000000001,27776
K821,375,0.025,177510
K005,194,0.009000000000000001,82070
K021,480,0.03,330532
K025,388,0.013999999999999999,142266
K026,345,0.018000000000000002,132419
K028,551,0.021,127841
K035,380,0.015,91561
K040,494,0.023,187243
K057,358,0.015,101605
K081,232,0.011000000000000001,100161
K143,256,0.008,29495
K243,163,0.006999999999999999,68654
K262,201,0.01,74475
K267,261,0.013000000000000001,116819
K304,103,0.005,37133
K308,139,0.006999999999999999,115338
K309,324,0.015,137932
K335,290,0.013999999999999999,128874
K385,160,0.008,49563
K393,268,0.018000000000000002,125791
K455,292,0.023,1073
K498,190,0.012,132938
K534,1097,0.053,272116
K584,673,0.035,193075
K594,1439,0.073,109392
0,,,
0,,,
0,,,
0,,,
K002,134,0.006,68505
K006,131,0.006999999999999999,80347
K012,1007,0.036000000000000004,346331
K022,166,0.006999999999999999,98936
K061,186,0.011000000000000001,184422
K091,311,0.016,231593
K092,98,0.005,71276
0,,,
K138,424,0.023,421066
K161,124,0.009000000000000001,115253
K167,252,0.013000000000000001,138348
K181,123,0.006999999999999999,146554
K189,238,0.015,268728
K191,746,0.035,241586
K221,272,0.015,177195
K241,215,0.011000000000000001,133242
K246,285,0.012,215672
K249,294,0.018000000000000002,218978
K289,159,0.008,125580
K316,287,0.011000000000000001,99221
K334,223,0.012,56256
K340,411,0.027000000000000003,140166
K352,366,0.02,171339
K353,743,0.036000000000000004,138957
K354,289,0.013999999999999999,76405
K375,228,0.012,129635
K382,109,0.008,36029
0,,,
0,,,
K394,128,0.006999999999999999,94130
K397,171,0.01,70860
K398,253,0.01,117326
K399,292,0.018000000000000002,131627
K408,387,0.024,70082
0,,,
0,,,
0,,,
0,,,
0,,,
K484,176,0.009000000000000001,22325
K489,260,0.011000000000000001,78801
K524,505,0.031,210487
K528,198,0.013000000000000001,81882
K531,239,0.015,114560
K533,288,0.02,134674
K537,509,0.033,221509
K539,150,0.01,62646
K543,227,0.013999999999999999,110776
K544,206,0.012,85602
K546,302,0.02,122420
K547,166,0.01,77735
K548,407,0.023,163681
K568,389,0.016,81619
K587,384,0.018000000000000002,153518
K590,89,0.006999999999999999,78933
K600,335,0.022000000000000002,758517
K625,177,0.011000000000000001,240883
0,,,
0,,,
K066,128,0.008,88547
K068,200,0.012,223351
K114,159,0.009000000000000001,133740
K115,189,0.013000000000000001,223259
K135,194,0.011000000000000001,150545
K208,265,0.016,173556
K211,155,0.006999999999999999,109674
K219,253,0.013999999999999999,209040
K232,181,0.009000000000000001,91858
K233,206,0.011000000000000001,157247
K235,124,0.009000000000000001,171714
K244,148,0.006999999999999999,144549
K252,219,0.008,53920
K268,277,0.017,172261
K272,107,0.005,80386
K276,191,0.012,167725
K279,106,0.005,78229
K285,88,0.006,90455
0,,,
K415,81,0.005,101225
K500,188,0.013999999999999999,478783
K515,131,0.006999999999999999,120967
K563,1597,0.08,158062
K566,867,0.035,63323
K567,741,0.034,59997
K569,1403,0.057999999999999996,98226
K576,999,0.042,80912
K578,1532,0.087,213013
K581,966,0.045,86015
K588,1426,0.079,152601
K589,1210,0.06,94358
K598,1006,0.048,87483
0,,,
0,,,
0,,,
0,,,
0,,,
0,,,
0,,,
K007,334,0.021,304963
K013,306,0.015,189564
K065,261,0.015,143235
K072,162,0.008,125008
K089,139,0.006999999999999999,33949
K108,215,0.013999999999999999,208488
K149,240,0.013000000000000001,190970
K158,331,0.017,190398
K159,194,0.012,179528
K166,354,0.017,200839
K171,125,0.008,112771
K174,281,0.013000000000000001,131995
K190,293,0.012,107944
K202,189,0.011000000000000001,194375
K213,259,0.013999999999999999,129287
K214,272,0.016,290297
K218,145,0.008,125096
K224,418,0.025,363526
K260,142,0.008,63406
K273,190,0.01,95176
K290,126,0.006999999999999999,78505
K292,117,0.006,89821
K302,307,0.016,307438
K306,81,0.004,58794
K311,221,0.013000000000000001,54836
0,,,
K328,142,0.006,89759
K345,200,0.011000000000000001,144588
K346,232,0.013000000000000001,186857
K364,199,0.01,81841
K409,266,0.016,120565
K420,162,0.01,411638
0,,,
K452,373,0.027000000000000003,52956
K502,106,0.006999999999999999,41037
K504,260,0.016,99981
K507,340,0.02,132299
K510,240,0.016,89187
K583,610,0.024,40895
K615,410,0.026000000000000002,682333
0,,,
0,,,
0,,,
K660,149,0.008,167131
0,,,
0,,,
0,,,
0,,,
K030,324,0.02,108892
K048,153,0.009000000000000001,92605
K062,387,0.022000000000000002,438157
K069,322,0.019,262177
K102,182,0.011000000000000001,209118
K104,277,0.02,351290
K105,187,0.012,241997
K112,399,0.027000000000000003,189321
K127,98,0.005,36026
K160,306,0.021,237556
K163,157,0.008,79295
K164,282,0.011000000000000001,137190
K170,205,0.013000000000000001,163443
K176,264,0.017,292385
K179,165,0.011000000000000001,153878
K180,160,0.008,124544
K185,240,0.018000000000000002,190657
K186,212,0.013000000000000001,184245
K187,177,0.011000000000000001,175888
K192,447,0.017,217945
K200,180,0.013000000000000001,215899
K201,205,0.016,368214
K204,181,0.012,176400
K205,344,0.015,323588
K220,372,0.024,470822
K223,263,0.012,188817
K227,100,0.006,139054
K229,136,0.009000000000000001,81585
K247,365,0.024,241620
K259,184,0.013000000000000001,246299
0,,,
0,,,
K314,389,0.022000000000000002,298789
K445,285,0.021,854699
K485,348,0.023,433054
K490,250,0.02,1113
K503,389,0.022000000000000002,298789
K505,260,0.02,937113
K506,188,0.012,139619
K609,1440,0.073,105131
0,,,
0,,,
0,,,
0,,,
K090,155,0.006999999999999999,73000
K095,111,0.006999999999999999,102405
K096,100,0.006,112778
K097,109,0.008,86254
K098,167,0.013000000000000001,167249
K099,267,0.016,205238
K100,324,0.021,218617
K101,457,0.033,380883
K121,238,0.011000000000000001,60812
K128,247,0.012,86038
K153,76,0.004,43152
K177,223,0.015,198832
K188,243,0.013000000000000001,159722
K199,198,0.01,96914
K209,145,0.008,99835
K212,98,0.005,54982
K215,104,0.006,69983
K216,338,0.017,144389
K225,160,0.008,152874
K226,140,0.006,107006
K228,222,0.013999999999999999,217613
K238,569,0.021,305120
K239,194,0.013000000000000001,242877
K253,141,0.008,79707
K281,98,0.006,126249
K288,195,0.009000000000000001,107700
K303,187,0.011000000000000001,146493
K329,152,0.006999999999999999,98883
K337,531,0.033,120580
K344,393,0.03,125663
K348,240,0.015,61620
K400,879,0.044000000000000004,712858
K410,174,0.013000000000000001,457192
K468,215,0.013000000000000001,35551
K525,107,0.008,429282
K540,139,0.01,446530
K559,3035,0.109,160836
K572,3230,0.10099999999999999,155028
K620,432,0.025,624872
K690,142,0.009000000000000001,116392
K728,1613,0.085,266219
K014,232,0.009000000000000001,170656
K052,226,0.012,166568
K078,134,0.009000000000000001,152648
K109,337,0.017,259713
K119,194,0.012,91032
K134,393,0.02,166955
K139,256,0.017,290411
K152,219,0.013999999999999999,170501
K193,256,0.015,216852
K194,263,0.012,118705
K195,76,0.005,28976
K197,108,0.004,51208
K198,106,0.006999999999999999,72177
K203,251,0.013999999999999999,234713
K206,269,0.019,337199
K207,151,0.01,148989
K217,170,0.01,201723
K222,123,0.006,106533
K234,248,0.017,440577
K236,143,0.009000000000000001,88378
K240,99,0.006999999999999999,145309
K245,330,0.013999999999999999,60340
K251,260,0.016,173550
K254,107,0.006,62839
K255,145,0.006999999999999999,104549
K269,133,0.006999999999999999,71706
K277,77,0.004,32529
K278,144,0.009000000000000001,153933
K312,178,0.01,154265
K315,240,0.016,202186
K326,252,0.013000000000000001,73206
K361,178,0.01,114512
K381,243,0.013000000000000001,102535
K405,155,0.013000000000000001,584126
K425,79,0.006,302699
K495,243,0.017,643871
K535,116,0.009000000000000001,118452
K555,102,0.006999999999999999,61480
K585,5616,0.14,387490
K041,137,0.008,104192
K055,2485,0.038,161518
K073,432,0.022000000000000002,240471
K137,571,0.027000000000000003,265948
K150,534,0.028999999999999998,305415
K155,85,0.004,53564
K156,219,0.013000000000000001,198004
K165,194,0.011000000000000001,130449
K178,308,0.018000000000000002,200979
K183,93,0.005,67289
K184,270,0.013999999999999999,138383
K271,123,0.003,9720
K284,127,0.006999999999999999,85209
K298,177,0.009000000000000001,109576
K323,485,0.027000000000000003,260758
K327,195,0.011000000000000001,151782
K332,219,0.011000000000000001,124755
K392,144,0.01,42492
0,,,
K493,163,0.011000000000000001,84870
K514,314,0.023,128474
K518,121,0.006,31325
K522,317,0.013999999999999999,50455
0,,,
0,,,
0,,,
0,,,
K645,245,0.013999999999999999,126233
0,,,
0,,,
0,,,
K697,362,0.023,222359
Q005,272,0.015,409772
Q007,139,0.006999999999999999,159384
Q012,326,0.023,392449
Q013,179,0.011000000000000001,230598
Q014,174,0.009000000000000001,229813
Q016,402,0.027000000000000003,550651
Q019,165,0.011000000000000001,329861
Q028,197,0.01,90411
Q049,250,0.016,124012
Q058,166,0.01,157569
Q061,392,0.026000000000000002,804902
Q068,115,0.006999999999999999,95740
Q071,213,0.012,205351
Q073,308,0.019,516753
Q077,154,0.009000000000000001,182040
Q081,352,0.023,425519
Q087,165,0.008,102089
Q088,81,0.004,83233
Q089,146,0.009000000000000001,236042
Q091,121,0.006,104552
Q093,150,0.01,198534
Q102,220,0.013999999999999999,181162
Q113,143,0.009000000000000001,74098
Q119,162,0.012,179945
Q125,166,0.011000000000000001,278244
Q128,77,0.004,30591
Q143,210,0.013000000000000001,258410
Q153,128,0.009000000000000001,175335
Q199,184,0.012,182250
Q229,197,0.011000000000000001,252329
Q239,152,0.01,120511
Q264,306,0.017,101128
Q267,129,0.006999999999999999,42412
0,,,
0,,,
0,,,
0,,,
0,,,
0,,,
0,,,
Q455,163,0.012,547061
Q485,269,0.021,791771
Q520,400,0.025,217822
Q530,534,0.03,251875
Q550,124,0.008,95002
Q560,135,0.008,71919
0,,,
Q600,223,0.013000000000000001,262065
Q610,265,0.017,524833
0,,,
Q877,295,0.016,136558
Q020,252,0.016,322637
Q021,294,0.016,264131
Q022,117,0.006999999999999999,80436
Q024,155,0.009000000000000001,103502
Q025,147,0.01,150255
Q029,238,0.016,148105
Q032,166,0.009000000000000001,92927
Q079,184,0.012,154230
Q107,87,0.004,76736
Q120,146,0.009000000000000001,115017
Q129,177,0.011000000000000001,157057
Q130,269,0.013999999999999999,89127
Q154,230,0.013999999999999999,140662
Q163,209,0.011000000000000001,100783
Q164,110,0.006,68411
Q165,264,0.012,162927
0,,,
Q169,194,0.01,72776
Q184,249,0.015,112920
Q185,227,0.016,228725
Q189,90,0.005,67731
Q193,96,0.005,51115
Q194,69,0.005,74370
Q200,179,0.009000000000000001,96937
Q201,515,0.018000000000000002,184548
Q209,120,0.006999999999999999,63875
Q214,358,0.018000000000000002,137273
Q219,355,0.016,216757
Q237,137,0.006999999999999999,144624
Q242,449,0.022000000000000002,167606
0,,,
Q250,73,0.005,31962
Q252,233,0.015,56436
Q263,461,0.031,175932
Q281,227,0.017,80758
Q285,261,0.019,92700
Q294,471,0.025,87990
Q425,172,0.012,525007
Q460,237,0.017,616940
Q499,179,0.011000000000000001,85243
Q525,182,0.013000000000000001,199400
Q540,249,0.017,105510
Q670,317,0.021,191711
Q792,1319,0.066,199242
Q018,128,0.009000000000000001,64492
Q026,90,0.005,55473
Q031,122,0.009000000000000001,67186
Q041,70,0.004,30052
Q046,84,0.003,34002
Q067,158,0.011000000000000001,149251
Q074,191,0.013000000000000001,195338
Q094,82,0.005,35251
Q098,151,0.009000000000000001,39139
Q115,208,0.01,91694
Q133,266,0.013000000000000001,133218
Q158,186,0.013000000000000001,212848
Q159,273,0.016,142649
Q162,88,0.006999999999999999,64462
Q172,81,0.006,88277
Q173,160,0.011000000000000001,124462
Q178,172,0.01,75576
Q186,242,0.01,73515
Q188,131,0.009000000000000001,57556
Q191,209,0.013999999999999999,72965
Q203,86,0.006,64162
Q205,112,0.006,31138
Q213,125,0.006,53137
Q216,159,0.012,199116
Q221,133,0.009000000000000001,85184
Q266,82,0.005,55049
Q415,75,0.006,291958
Q430,246,0.019,1100
Q435,228,0.018000000000000002,718486
Q495,80,0.006999999999999999,324601
Q566,140,0.009000000000000001,156341
Q042,315,0.016,248159
Q043,258,0.015,354010
Q045,345,0.016,143742
Q047,267,0.012,66779
Q051,109,0.005,28275
Q053,139,0.006999999999999999,89875
Q056,226,0.013000000000000001,106260
Q060,84,0.006,94632
Q062,273,0.019,266709
Q063,264,0.016,338211
Q064,159,0.01,110048
Q065,214,0.012,121184
Q066,336,0.021,143022
Q090,114,0.006999999999999999,96727
Q096,210,0.01,56798
Q097,315,0.018000000000000002,225517
Q100,130,0.008,136844
Q104,285,0.015,176594
Q105,302,0.017,270625
Q106,347,0.018000000000000002,143284
Q108,88,0.006,113602
Q114,452,0.027000000000000003,372085
Q123,178,0.009000000000000001,109055
Q124,421,0.031,480860
Q137,113,0.008,209527
Q146,367,0.018000000000000002,221711
Q155,159,0.009000000000000001,105319
0,,,
Q183,290,0.016,191128
Q197,261,0.011000000000000001,125014
0,,,
Q202,93,0.006,106036
Q207,311,0.017,232451
Q210,255,0.018000000000000002,516315
Q215,190,0.011000000000000001,113215
Q223,399,0.02,277132
Q225,219,0.011000000000000001,138122
Q226,126,0.008,210163
Q232,607,0.034,482488
Q253,221,0.011000000000000001,109813
Q254,152,0.008,90223
Q260,164,0.012,56530
Q262,182,0.012,105949
0,,,
Q282,388,0.027000000000000003,61363
0,,,
0,,,
0,,,
0,,,
0,,,
0,,,
0,,,
Q323,109,0.008,65886
0,,,
Q333,364,0.019,131963
0,,,
Q400,131,0.008,178363
Q410,134,0.008,240569
Q465,166,0.009000000000000001,139925
Q475,107,0.009000000000000001,382155
Q480,360,0.027000000000000003,1174
Q650,490,0.033,188283
Q008,198,0.011000000000000001,179486
Q030,135,0.006999999999999999,77852
Q040,938,0.05,489681
Q048,68,0.004,24047
Q050,137,0.009000000000000001,114079
Q054,107,0.006,58099
Q055,143,0.009000000000000001,101217
Q072,372,0.021,276207
Q080,275,0.011000000000000001,170778
Q082,254,0.013000000000000001,145673
Q086,95,0.006,84954
Q099,219,0.013000000000000001,164351
Q101,238,0.013999999999999999,145735
Q117,271,0.019,304946
Q121,112,0.008,105244
Q139,112,0.008,88536
Q140,73,0.004,53796
Q144,228,0.012,158631
Q157,89,0.005,90934
Q160,283,0.017,215587
Q161,263,0.016,206288
0,,,
Q174,100,0.006,56948
Q175,399,0.024,248417
Q182,142,0.008,123791
Q190,107,0.006999999999999999,96101
Q196,257,0.018000000000000002,180722
Q206,95,0.005,61266
Q217,150,0.009000000000000001,181431
Q220,352,0.015,165624
Q284,284,0.02,45969
0,,,
0,,,
0,,,
0,,,
0,,,
0,,,
0,,,
Q440,137,0.011000000000000001,499355
Q470,104,0.006999999999999999,185315
Q505,181,0.013999999999999999,607051
Q620,291,0.022000000000000002,791484
Q680,115,0.009000000000000001,70567
0,,,
Q687,246,0.015,91212
Q690,147,0.01,82080
Q896,185,0.013000000000000001,43144
Q015,210,0.012,93126
Q033,96,0.006,103506
Q034,133,0.006999999999999999,65285
Q035,114,0.006999999999999999,73200
Q036,394,0.022000000000000002,190482
Q037,163,0.009000000000000001,91163
Q038,152,0.008,52840
Q052,333,0.018000000000000002,202226
Q059,195,0.012,172266
Q095,237,0.016,297775
Q109,76,0.006,112398
Q116,382,0.025,341761
Q118,217,0.012,143725
Q131,94,0.006,64909
Q132,307,0.017,127220
Q134,137,0.006,63022
Q135,123,0.006999999999999999,147395
Q136,121,0.006999999999999999,85845
Q138,146,0.009000000000000001,135916
Q147,306,0.02,278018
Q156,160,0.009000000000000001,125712
Q176,232,0.013999999999999999,144650
Q181,149,0.008,75208
Q192,117,0.006,71547
Q195,201,0.011000000000000001,143193
Q208,112,0.006999999999999999,81203
Q231,129,0.008,97545
Q238,119,0.008,178749
Q248,140,0.01,37485
Q251,247,0.013000000000000001,101075
Q259,170,0.013000000000000001,76508
Q265,235,0.015,91691
Q268,195,0.011000000000000001,98718
Q270,88,0.006,54821
Q272,379,0.024,152531
Q283,100,0.005,19085
Q295,332,0.015,56835
0,,,
0,,,
0,,,
0,,,
0,,,
Q492,323,0.02,166205
Q494,246,0.018000000000000002,131840
Q496,262,0.017,132870
Q498,91,0.006,45968
Q002,106,0.006,66969
Q010,165,0.01,146107
Q011,110,0.006999999999999999,128682
Q017,273,0.015,190598
Q069,244,0.017,299715
Q070,202,0.013999999999999999,216174
Q076,272,0.011000000000000001,180101
Q078,188,0.008,47268
Q084,108,0.005,41004
Q085,165,0.009000000000000001,76024
Q092,130,0.006999999999999999,106781
Q111,270,0.011000000000000001,111231
Q112,196,0.009000000000000001,105080
Q122,123,0.009000000000000001,167132
Q126,194,0.009000000000000001,125006
Q127,216,0.013999999999999999,250483
Q141,196,0.012,201611
Q145,125,0.008,234891
Q148,140,0.009000000000000001,160034
Q149,200,0.013000000000000001,223755
Q150,82,0.005,100824
Q151,136,0.006,78902
Q152,104,0.006999999999999999,132301
Q166,364,0.022000000000000002,400594
Q171,194,0.01,135902
Q204,221,0.012,194800
Q212,180,0.011000000000000001,132715
Q222,333,0.018000000000000002,102906
Q227,126,0.006999999999999999,185990
Q228,191,0.01,71817
Q230,317,0.019,311283
Q234,129,0.006999999999999999,89613
Q235,466,0.018000000000000002,60075
0,,,
Q286,198,0.009000000000000001,31407
0,,,
Q445,116,0.008,366347
Q450,148,0.009000000000000001,493232
Q501,186,0.01,114294
Q502,495,0.028999999999999998,481857
Q555,138,0.009000000000000001,140300
Q575,181,0.013999999999999999,113267
Q580,250,0.013999999999999999,107404
R001,155,0.01,85534
R002,212,0.013000000000000001,202256
R003,86,0.005,68283
R004,424,0.019,330160
R005,129,0.006999999999999999,29068
R006,76,0.004,67938
R007,97,0.006,115777
R008,166,0.008,73421
R011,256,0.012,72518
R013,191,0.013000000000000001,140738
R014,117,0.006,67368
R016,124,0.006999999999999999,129312
R018,331,0.013999999999999999,179103
R019,185,0.011000000000000001,122221
R020,238,0.013999999999999999,101027
R021,138,0.009000000000000001,72414
R022,130,0.008,159836
R023,98,0.005,54970
R024,80,0.005,122747
R026,386,0.017,70569
R027,317,0.016,293836
R029,65,0.004,37957
R030,116,0.006,94707
R031,129,0.006,67080
R032,175,0.011000000000000001,155595
R034,79,0.005,93631
R035,112,0.008,39326
R036,149,0.008,142424
R038,141,0.006,53425
R039,134,0.009000000000000001,63048
R041,212,0.012,137494
R042,97,0.006,95443
R044,102,0.005,85406
R045,170,0.011000000000000001,169555
R046,126,0.006,37385
R047,220,0.016,65614
R048,205,0.013999999999999999,85145
R049,255,0.013000000000000001,239752
R050,141,0.006999999999999999,83751
R051,171,0.01,200458
R052,291,0.013000000000000001,187139
R053,101,0.006,71161
R054,217,0.013999999999999999,185020
R055,171,0.01,120543
R056,176,0.01,134712
R057,128,0.005,84408
R058,124,0.006,93101
R060,236,0.012,213239
R061,148,0.009000000000000001,200423
0,,,
0,,,
0,,,
R069,116,0.006,98430
R072,223,0.015,412705
0,,,
R075,79,0.005,106437
R080,134,0.008,170750
R440,155,0.011000000000000001,356733
R445,313,0.023,781190
R450,175,0.012,499418
R455,253,0.02,973036
R460,287,0.021,962146
R470,458,0.021,77890
R600,501,0.025,381329
R605,217,0.015,197881
0,,,
K045,281,0.015,209036
K075,176,0.009000000000000001,109508
K086,311,0.018000000000000002,167740
K106,368,0.018000000000000002,225813
K116,203,0.011000000000000001,100365
K123,144,0.009000000000000001,142460
K145,248,0.015,243693
K151,126,0.006999999999999999,56801
K162,133,0.006999999999999999,96958
0,,,
K274,249,0.013999999999999999,201739
K291,245,0.012,203714
K296,243,0.011000000000000001,150155
K299,271,0.013999999999999999,143875
K347,375,0.018000000000000002,207257
K349,473,0.023,249018
K376,321,0.017,183456
K377,308,0.017,268710
K383,118,0.009000000000000001,144949
K384,226,0.012,154574
K403,187,0.012,37526
0,,,
K545,177,0.011000000000000001,114952
K549,294,0.017,127887
K552,342,0.02,165536
K554,300,0.018000000000000002,79808
K556,215,0.013999999999999999,98473
K564,328,0.02,116413
